[ {
  "Event Date" : "2024-06-02T00:15:24Z",
  "Playback Identifier" : "CgoIByIGCOuJ5r89EAE",
  "Currently Playing Track Identifier" : 1440892573,
  "Currently Playing Track Name" : "There's Nothing Holdin' Me Back",
  "Change List" : [ {
    "Change Description" : "something else"
  } ]
}, {
  "Event Date" : "2024-06-02T00:16:52Z",
  "Playback Identifier" : "CgoIByIGCOuJ5r89EAE",
  "Currently Playing Track Identifier" : 1440857905,
  "Currently Playing Track Name" : "Crying Shame",
  "Change List" : [ {
    "Change Description" : "something else"
  } ]
}, {
  "Event Date" : "2024-06-02T00:16:54Z",
  "Playback Identifier" : "CgoIByIGCOuJ5r89EAE",
  "Currently Playing Track Identifier" : 1500096614,
  "Currently Playing Track Name" : "Meet Me At Our Spot",
  "Change List" : [ {
    "Change Description" : "something else"
  } ]
}, {
  "Event Date" : "2024-11-05T18:35:17Z",
  "Playback Identifier" : "CgoIByIGCOuJ5r89EAE",
  "Currently Playing Track Identifier" : 1542691847,
  "Currently Playing Track Name" : "The Captain Is Drunk",
  "Change List" : [ {
    "Change Description" : "something else"
  } ]
}, {
  "Event Date" : "2024-11-05T18:35:19Z",
  "Playback Identifier" : "CgoIByIGCOuJ5r89EAE",
  "Currently Playing Track Identifier" : 1254097679,
  "Currently Playing Track Name" : "Blue Lagoons",
  "Change List" : [ {
    "Change Description" : "something else"
  } ]
} ]